data_execucao_simulada,data_base_previsao,horizonte_dias,previsao_classe,probabilidades,preco_inicial,preco_final,retorno_real,classe_real
2025-09-01,2025-08-29,1,Cai muito,"{""Cai"": 0.005388586587980231, ""Cai muito"": 0.9767274766485635, ""Na mesma"": 0.01060689426909161, ""Sobe"": 0.00589424810399699, ""Sobe muito"": 0.0013827943903677834}",2514.75,2514.5,-9.941346058256288e-05,Na mesma
2025-09-01,2025-08-29,5,Cai muito,"{""Cai"": 0.01666639234702933, ""Cai muito"": 0.9544415530832243, ""Na mesma"": 0.01743604108258063, ""Sobe"": 0.008052696063151002, ""Sobe muito"": 0.003403317424014983}",2514.75,2505.5,-0.0036782980415548264,Na mesma
2025-09-01,2025-08-29,30,Cai muito,"{""Cai"": 0.013962355534113857, ""Cai muito"": 0.9541729473483118, ""Na mesma"": 0.0053934073431485055, ""Sobe"": 0.015405758545615506, ""Sobe muito"": 0.011065531228810483}",,,,
2025-09-01,2025-08-29,90,Cai muito,"{""Cai"": 0.006521856777931138, ""Cai muito"": 0.9779237920832473, ""Na mesma"": 0.004904759160610731, ""Sobe"": 0.004049197253142925, ""Sobe muito"": 0.00660039472506791}",,,,
2025-09-02,2025-09-01,1,Na mesma,"{""Cai"": 0.1625895073099922, ""Cai muito"": 0.28243070278597193, ""Na mesma"": 0.3537572512056981, ""Sobe"": 0.17564766069205012, ""Sobe muito"": 0.02557487800628763}",,,,
2025-09-02,2025-09-01,5,Cai muito,"{""Cai"": 0.044400086490084305, ""Cai muito"": 0.884499850847345, ""Na mesma"": 0.03646771419788533, ""Sobe"": 0.024997135423450067, ""Sobe muito"": 0.009635213041235388}",,,,
2025-09-02,2025-09-01,30,Cai muito,"{""Cai"": 0.02372462966622259, ""Cai muito"": 0.8480683364449589, ""Na mesma"": 0.006670895860725041, ""Sobe"": 0.06592249121389662, ""Sobe muito"": 0.05561364681419673}",,,,
2025-09-02,2025-09-01,90,Cai muito,"{""Cai"": 0.021565215791382708, ""Cai muito"": 0.932147023790706, ""Na mesma"": 0.014995056393674206, ""Sobe"": 0.012462736312593797, ""Sobe muito"": 0.018829967711643324}",,,,
2025-09-03,2025-09-02,1,Na mesma,"{""Cai"": 0.1446994600793232, ""Cai muito"": 0.21655814286425815, ""Na mesma"": 0.4036439375279346, ""Sobe"": 0.20922920400852607, ""Sobe muito"": 0.025869255519957855}",2514.5,2505.5,-0.003579240405647246,Na mesma
2025-09-03,2025-09-02,5,Cai muito,"{""Cai"": 0.15733155458594222, ""Cai muito"": 0.6261890498668126, ""Na mesma"": 0.06478628577398578, ""Sobe"": 0.11638086524066588, ""Sobe muito"": 0.03531224453259364}",2514.5,2511.0,-0.0013919268244183733,Na mesma
2025-09-03,2025-09-02,30,Cai muito,"{""Cai"": 0.04537779767501029, ""Cai muito"": 0.6817542437837071, ""Na mesma"": 0.01024616620566763, ""Sobe"": 0.2141606746314634, ""Sobe muito"": 0.04846111770415147}",,,,
2025-09-03,2025-09-02,90,Cai muito,"{""Cai"": 0.018724944108727503, ""Cai muito"": 0.9417969982133116, ""Na mesma"": 0.01486470174142719, ""Sobe"": 0.00932302115225562, ""Sobe muito"": 0.01529033478427819}",,,,
2025-09-04,2025-09-03,1,Na mesma,"{""Cai"": 0.22822493486658899, ""Cai muito"": 0.15417793693562518, ""Na mesma"": 0.38028749554753943, ""Sobe"": 0.19878895282151976, ""Sobe muito"": 0.038520679828726444}",2505.5,2488.75,-0.006685292356815007,Na mesma
2025-09-04,2025-09-03,5,Cai muito,"{""Cai"": 0.17093965909595893, ""Cai muito"": 0.3647908905644555, ""Na mesma"": 0.13934380868733637, ""Sobe"": 0.2834216277233211, ""Sobe muito"": 0.04150401392892814}",2505.5,2511.0,0.002195170624625823,Na mesma
2025-09-04,2025-09-03,30,Cai muito,"{""Cai"": 0.03918360481853127, ""Cai muito"": 0.7032888049751784, ""Na mesma"": 0.008831516510093732, ""Sobe"": 0.12428402011169529, ""Sobe muito"": 0.12441205358450125}",,,,
2025-09-04,2025-09-03,90,Cai muito,"{""Cai"": 0.030330866467322467, ""Cai muito"": 0.9090259273572544, ""Na mesma"": 0.022614084864164805, ""Sobe"": 0.015330625226762281, ""Sobe muito"": 0.022698496084495954}",,,,
2025-09-05,2025-09-04,1,Na mesma,"{""Cai"": 0.1509954026325211, ""Cai muito"": 0.2655976907056655, ""Na mesma"": 0.3759633988927426, ""Sobe"": 0.1777621686590638, ""Sobe muito"": 0.029681339110006897}",2488.75,2495.25,0.002611752887995982,Na mesma
2025-09-05,2025-09-04,5,Sobe,"{""Cai"": 0.2212094781040521, ""Cai muito"": 0.2977588199778268, ""Na mesma"": 0.11949892236293144, ""Sobe"": 0.31930284026869654, ""Sobe muito"": 0.04222993928649292}",2488.75,2516.0,0.010949271722752386,Na mesma
2025-09-05,2025-09-04,30,Cai muito,"{""Cai"": 0.0665977846436239, ""Cai muito"": 0.48279870425649407, ""Na mesma"": 0.035129238555843045, ""Sobe"": 0.3118166284865333, ""Sobe muito"": 0.10365764405750562}",,,,
2025-09-05,2025-09-04,90,Cai muito,"{""Cai"": 0.024849006229511635, ""Cai muito"": 0.9207607810486175, ""Na mesma"": 0.019301261389197008, ""Sobe"": 0.014275100126160947, ""Sobe muito"": 0.020813851206513037}",,,,
2025-09-06,2025-09-05,1,Na mesma,"{""Cai"": 0.15218972617581406, ""Cai muito"": 0.23137877404619742, ""Na mesma"": 0.3987334110050255, ""Sobe"": 0.17987219864696616, ""Sobe muito"": 0.03782589012599686}",2495.25,2511.0,0.0063119927862939585,Na mesma
2025-09-06,2025-09-05,5,Cai muito,"{""Cai"": 0.10216961780310232, ""Cai muito"": 0.3782262572348295, ""Na mesma"": 0.27211362749355705, ""Sobe"": 0.21713119779592874, ""Sobe muito"": 0.030359299672582378}",2495.25,2518.25,0.009217513275222924,Na mesma
2025-09-06,2025-09-05,30,Cai muito,"{""Cai"": 0.027733911091719365, ""Cai muito"": 0.511870113769383, ""Na mesma"": 0.022393651625027718, ""Sobe"": 0.3072257266197753, ""Sobe muito"": 0.1307765968940946}",,,,
2025-09-06,2025-09-05,90,Cai muito,"{""Cai"": 0.03498775167770534, ""Cai muito"": 0.9030042821330022, ""Na mesma"": 0.01915423169137644, ""Sobe"": 0.018095221824749777, ""Sobe muito"": 0.024758512673166335}",,,,
2025-09-07,2025-09-05,1,Na mesma,"{""Cai"": 0.15218972617581406, ""Cai muito"": 0.23137877404619742, ""Na mesma"": 0.3987334110050255, ""Sobe"": 0.17987219864696616, ""Sobe muito"": 0.03782589012599686}",2495.25,2511.0,0.0063119927862939585,Na mesma
2025-09-07,2025-09-05,5,Cai muito,"{""Cai"": 0.10216961780310232, ""Cai muito"": 0.3782262572348295, ""Na mesma"": 0.27211362749355705, ""Sobe"": 0.21713119779592874, ""Sobe muito"": 0.030359299672582378}",2495.25,2518.25,0.009217513275222924,Na mesma
2025-09-07,2025-09-05,30,Cai muito,"{""Cai"": 0.027733911091719365, ""Cai muito"": 0.511870113769383, ""Na mesma"": 0.022393651625027718, ""Sobe"": 0.3072257266197753, ""Sobe muito"": 0.1307765968940946}",,,,
2025-09-07,2025-09-05,90,Cai muito,"{""Cai"": 0.03498775167770534, ""Cai muito"": 0.9030042821330022, ""Na mesma"": 0.01915423169137644, ""Sobe"": 0.018095221824749777, ""Sobe muito"": 0.024758512673166335}",,,,
2025-09-08,2025-09-05,1,Na mesma,"{""Cai"": 0.15218972617581406, ""Cai muito"": 0.23137877404619742, ""Na mesma"": 0.3987334110050255, ""Sobe"": 0.17987219864696616, ""Sobe muito"": 0.03782589012599686}",2495.25,2511.0,0.0063119927862939585,Na mesma
2025-09-08,2025-09-05,5,Cai muito,"{""Cai"": 0.10216961780310232, ""Cai muito"": 0.3782262572348295, ""Na mesma"": 0.27211362749355705, ""Sobe"": 0.21713119779592874, ""Sobe muito"": 0.030359299672582378}",2495.25,2518.25,0.009217513275222924,Na mesma
2025-09-08,2025-09-05,30,Cai muito,"{""Cai"": 0.027733911091719365, ""Cai muito"": 0.511870113769383, ""Na mesma"": 0.022393651625027718, ""Sobe"": 0.3072257266197753, ""Sobe muito"": 0.1307765968940946}",,,,
2025-09-08,2025-09-05,90,Cai muito,"{""Cai"": 0.03498775167770534, ""Cai muito"": 0.9030042821330022, ""Na mesma"": 0.01915423169137644, ""Sobe"": 0.018095221824749777, ""Sobe muito"": 0.024758512673166335}",,,,
2025-09-09,2025-09-08,1,Na mesma,"{""Cai"": 0.11489477303713293, ""Cai muito"": 0.24294827272224484, ""Na mesma"": 0.43247010611592823, ""Sobe"": 0.17414893947295065, ""Sobe muito"": 0.03553790865174338}",2511.0,2516.0,0.001991238550378335,Na mesma
2025-09-09,2025-09-08,5,Cai muito,"{""Cai"": 0.12127669143161926, ""Cai muito"": 0.43628455240358455, ""Na mesma"": 0.16057330986675727, ""Sobe"": 0.25603726259243487, ""Sobe muito"": 0.025828183705603986}",2511.0,2591.0,0.03185981680605336,Sobe
2025-09-09,2025-09-08,30,Cai muito,"{""Cai"": 0.023397831257013814, ""Cai muito"": 0.5137836447736543, ""Na mesma"": 0.017640433804299038, ""Sobe"": 0.3004270455377439, ""Sobe muito"": 0.14475104462728902}",,,,
2025-09-09,2025-09-08,90,Cai muito,"{""Cai"": 0.030928070871269187, ""Cai muito"": 0.9096888689495508, ""Na mesma"": 0.01880306083922956, ""Sobe"": 0.01764520678397757, ""Sobe muito"": 0.022934792555972812}",,,,
2025-09-10,2025-09-09,1,Na mesma,"{""Cai"": 0.1455863215002203, ""Cai muito"": 0.20435070130188362, ""Na mesma"": 0.39398611014637114, ""Sobe"": 0.22225003341288974, ""Sobe muito"": 0.03382683363863514}",2516.0,2518.25,0.0008942766295707473,Na mesma
2025-09-10,2025-09-09,5,Cai muito,"{""Cai"": 0.1293122445936512, ""Cai muito"": 0.3132315852479463, ""Na mesma"": 0.1313028673554717, ""Sobe"": 0.27896169282965716, ""Sobe muito"": 0.14719160997327355}",2516.0,2591.0,0.029809220985691574,Na mesma
2025-09-10,2025-09-09,30,Cai muito,"{""Cai"": 0.022203930189751604, ""Cai muito"": 0.501437576367125, ""Na mesma"": 0.01008506413916428, ""Sobe"": 0.34118798738221784, ""Sobe muito"": 0.12508544192174123}",,,,
2025-09-10,2025-09-09,90,Cai muito,"{""Cai"": 0.02310489199201755, ""Cai muito"": 0.92385614385639, ""Na mesma"": 0.018899058963725093, ""Sobe"": 0.015378842981412365, ""Sobe muito"": 0.018761062206455015}",,,,
2025-09-11,2025-09-10,1,Na mesma,"{""Cai"": 0.16862007413308144, ""Cai muito"": 0.1250614857360754, ""Na mesma"": 0.4666346926363534, ""Sobe"": 0.2046073785467057, ""Sobe muito"": 0.0350763689477841}",2518.25,2587.75,0.027598530725702373,Na mesma
2025-09-11,2025-09-10,5,Cai muito,"{""Cai"": 0.06840996939041785, ""Cai muito"": 0.4329298348585931, ""Na mesma"": 0.06912063824240584, ""Sobe"": 0.34429581687569755, ""Sobe muito"": 0.08524374063288584}",2518.25,2591.0,0.02888910950064529,Na mesma
2025-09-11,2025-09-10,30,Cai muito,"{""Cai"": 0.025024024776609675, ""Cai muito"": 0.5102375533009124, ""Na mesma"": 0.03897785719900967, ""Sobe"": 0.24258699618226776, ""Sobe muito"": 0.18317356854120054}",,,,
2025-09-11,2025-09-10,90,Cai muito,"{""Cai"": 0.027318595213148247, ""Cai muito"": 0.8984459256097206, ""Na mesma"": 0.02631638330371261, ""Sobe"": 0.020603773729323288, ""Sobe muito"": 0.02731532214409519}",,,,
2025-09-12,2025-09-11,1,Na mesma,"{""Cai"": 0.13438344774256905, ""Cai muito"": 0.14357060375190425, ""Na mesma"": 0.4990055542314418, ""Sobe"": 0.18538795355421273, ""Sobe muito"": 0.037652440719872074}",2587.75,2583.75,-0.0015457443725243939,Na mesma
2025-09-12,2025-09-11,5,Cai muito,"{""Cai"": 0.08391283662453161, ""Cai muito"": 0.6678370147900072, ""Na mesma"": 0.17355988391469235, ""Sobe"": 0.06328497454098735, ""Sobe muito"": 0.011405290129781401}",,,,
2025-09-12,2025-09-11,30,Cai muito,"{""Cai"": 0.05314349470537095, ""Cai muito"": 0.6302593611825649, ""Na mesma"": 0.07542354157186971, ""Sobe"": 0.12172505656801352, ""Sobe muito"": 0.11944854597218095}",,,,
2025-09-12,2025-09-11,90,Cai muito,"{""Cai"": 0.026544257021173148, ""Cai muito"": 0.9218169733651684, ""Na mesma"": 0.01774477131136716, ""Sobe"": 0.014838092728801008, ""Sobe muito"": 0.019055905573490264}",,,,
2025-09-13,2025-09-12,1,Na mesma,"{""Cai"": 0.16055128507576424, ""Cai muito"": 0.136611565329117, ""Na mesma"": 0.5034267456018963, ""Sobe"": 0.1682650672866658, ""Sobe muito"": 0.031145336706556653}",2583.75,2591.0,0.002805999032414127,Na mesma
2025-09-13,2025-09-12,5,Cai muito,"{""Cai"": 0.08962371963477649, ""Cai muito"": 0.5753110170879168, ""Na mesma"": 0.2726895583459819, ""Sobe"": 0.055597566260291206, ""Sobe muito"": 0.006778138671033699}",,,,
2025-09-13,2025-09-12,30,Cai muito,"{""Cai"": 0.012663693577889235, ""Cai muito"": 0.8434370800036538, ""Na mesma"": 0.02711269587508121, ""Sobe"": 0.08501429701563165, ""Sobe muito"": 0.03177223352774397}",,,,
2025-09-13,2025-09-12,90,Cai muito,"{""Cai"": 0.033443364751749444, ""Cai muito"": 0.9154877955568868, ""Na mesma"": 0.01516977302418301, ""Sobe"": 0.015693089781159648, ""Sobe muito"": 0.02020597688602118}",,,,
2025-09-14,2025-09-12,1,Na mesma,"{""Cai"": 0.16055128507576424, ""Cai muito"": 0.136611565329117, ""Na mesma"": 0.5034267456018963, ""Sobe"": 0.1682650672866658, ""Sobe muito"": 0.031145336706556653}",2583.75,2591.0,0.002805999032414127,Na mesma
2025-09-14,2025-09-12,5,Cai muito,"{""Cai"": 0.08962371963477649, ""Cai muito"": 0.5753110170879168, ""Na mesma"": 0.2726895583459819, ""Sobe"": 0.055597566260291206, ""Sobe muito"": 0.006778138671033699}",,,,
2025-09-14,2025-09-12,30,Cai muito,"{""Cai"": 0.012663693577889235, ""Cai muito"": 0.8434370800036538, ""Na mesma"": 0.02711269587508121, ""Sobe"": 0.08501429701563165, ""Sobe muito"": 0.03177223352774397}",,,,
2025-09-14,2025-09-12,90,Cai muito,"{""Cai"": 0.033443364751749444, ""Cai muito"": 0.9154877955568868, ""Na mesma"": 0.01516977302418301, ""Sobe"": 0.015693089781159648, ""Sobe muito"": 0.02020597688602118}",,,,
2025-09-15,2025-09-12,1,Na mesma,"{""Cai"": 0.16055128507576424, ""Cai muito"": 0.136611565329117, ""Na mesma"": 0.5034267456018963, ""Sobe"": 0.1682650672866658, ""Sobe muito"": 0.031145336706556653}",2583.75,2591.0,0.002805999032414127,Na mesma
2025-09-15,2025-09-12,5,Cai muito,"{""Cai"": 0.08962371963477649, ""Cai muito"": 0.5753110170879168, ""Na mesma"": 0.2726895583459819, ""Sobe"": 0.055597566260291206, ""Sobe muito"": 0.006778138671033699}",,,,
2025-09-15,2025-09-12,30,Cai muito,"{""Cai"": 0.012663693577889235, ""Cai muito"": 0.8434370800036538, ""Na mesma"": 0.02711269587508121, ""Sobe"": 0.08501429701563165, ""Sobe muito"": 0.03177223352774397}",,,,
2025-09-15,2025-09-12,90,Cai muito,"{""Cai"": 0.033443364751749444, ""Cai muito"": 0.9154877955568868, ""Na mesma"": 0.01516977302418301, ""Sobe"": 0.015693089781159648, ""Sobe muito"": 0.02020597688602118}",,,,
2025-09-16,2025-09-15,1,Na mesma,"{""Cai"": 0.1635093981858415, ""Cai muito"": 0.10531929796479364, ""Na mesma"": 0.5158347375424782, ""Sobe"": 0.18368661068294823, ""Sobe muito"": 0.0316499556239384}",,,,
2025-09-16,2025-09-15,5,Cai muito,"{""Cai"": 0.18200829176653516, ""Cai muito"": 0.45464665382061037, ""Na mesma"": 0.28757811936867944, ""Sobe"": 0.06901253706184184, ""Sobe muito"": 0.006754397982333217}",,,,
2025-09-16,2025-09-15,30,Cai muito,"{""Cai"": 0.012785290283582301, ""Cai muito"": 0.8438183916378839, ""Na mesma"": 0.03776399522265755, ""Sobe"": 0.08337265414628313, ""Sobe muito"": 0.022259668709593266}",,,,
2025-09-16,2025-09-15,90,Cai muito,"{""Cai"": 0.048674840433108685, ""Cai muito"": 0.8869175739250942, ""Na mesma"": 0.020393332687061096, ""Sobe"": 0.01982237914531297, ""Sobe muito"": 0.02419187380942333}",,,,
